model,status,lhs,op,rhs,label,est,se,z,pvalue,ci.lower,ci.upper,std.lv,std.all
cluster_1_one_at_a_time,ok,OLSE,=~,olse_q1_mean_z,,0.8643801460269364,0.025742078366602875,33.57849097174537,0,0.8139265995411871,0.9148336925126856,0.8800263444834364,0.8803071063610972
cluster_1_one_at_a_time,ok,OLSE,=~,olse_q2_mean_z,,0.8066100644386961,0.028831887928043205,27.976317973064486,0,0.7501006024934362,0.863119526383956,0.8212105630772023,0.8214725376392467
cluster_1_one_at_a_time,ok,OLSE,=~,olse_q3_mean_z,,0.8382511773659643,0.032303930158313,25.94889145865278,0,0.7749366376965736,0.901565717035355,0.8534244137455214,0.8536967109859773
cluster_1_one_at_a_time,ok,OLSE,=~,olse_q4_mean_z,,0.8142206495579825,0.02488505594648548,32.719261363484094,0,0.7654468361496066,0.8629944629663583,0.8289589078681954,0.8292233936792626
cluster_1_one_at_a_time,ok,OLSE,=~,olse_q5_mean_z,,0.8329804256560599,0.026023599338381782,32.00865548323712,0,0.7819751082047313,0.8839857431073885,0.8480582558330946,0.8483287348028274
cluster_1_one_at_a_time,ok,OLSE,~,post_redesign,a_post,0.38772559939764084,0.07905236396576151,4.904667994059852,9.358549639681968e-7,0.23278581313199637,0.5426653856632853,0.3808321334089586,0.18650915337435825
cluster_1_one_at_a_time,ok,OLSE,~,post_x_cluster_1_z,a_k,-0.032578199416113375,0.10456249910782744,-0.3115667633624358,0.75536979669378,-0.23751693180095662,0.17236053296872988,-0.031998983831699086,-0.018970062979458607
cluster_1_one_at_a_time,ok,final_numeric_grade_z,~,OLSE,b,0.40606699841568894,0.037958706512922595,10.697598409404394,0,0.3316693007506347,0.48046469608074316,0.4134172422557981,0.4135491439745469
cluster_1_one_at_a_time,ok,final_numeric_grade_z,~,post_redesign,c_post,0.1701669359586473,0.07407101588641166,2.29734848269935,0.021598898115706033,0.02499041252298631,0.3153434593943083,0.1701669359586473,0.08336433393075662
cluster_1_one_at_a_time,ok,final_numeric_grade_z,~,post_x_cluster_1_z,c_k,0.13557332427474256,0.1273496647490435,1.064575431289157,0.2870681027643247,-0.11402743207663271,0.3851740806261178,0.13557332427474256,0.08039802335754306
cluster_1_one_at_a_time,ok,olse_q1_mean_z,~~,olse_q1_mean_z,,0.22491586216661238,0.00874876666077972,25.70829362439152,0,0.20776859460233937,0.2420631297308854,0.22491586216661238,0.2250593984901521
cluster_1_one_at_a_time,ok,olse_q2_mean_z,~~,olse_q2_mean_z,,0.32497549582402774,0.012088097255712733,26.88392465327387,0,0.30128326056121335,0.3486677310868421,0.32497549582402774,0.32518286990453654
cluster_1_one_at_a_time,ok,olse_q3_mean_z,~~,olse_q3_mean_z,,0.27102894675251227,0.007262566333881205,37.31861910687307,0,0.256794578302772,0.2852633152022525,0.27102894675251227,0.27120192565172474
cluster_1_one_at_a_time,ok,olse_q4_mean_z,~~,olse_q4_mean_z,,0.3121893187161661,0.01657549420643841,18.83438978217027,0,0.27970194704559453,0.3446766903867377,0.3121893187161661,0.31238856337504667
cluster_1_one_at_a_time,ok,olse_q5_mean_z,~~,olse_q5_mean_z,,0.28015962147261314,0.013199568630867697,21.224907366855092,0,0.2542889423446478,0.3060303006005785,0.28015962147261314,0.28033835770783405
cluster_1_one_at_a_time,ok,final_numeric_grade_z,~~,final_numeric_grade_z,,0.803787529913101,0.05115641168899056,15.712351655932999,0,0.7035228054243757,0.9040522544018262,0.803787529913101,0.8043005122417547
cluster_1_one_at_a_time,ok,OLSE,~~,OLSE,,1,0,,,1,1,0.9647576238938378,0.9647576238938378
cluster_1_one_at_a_time,ok,post_redesign,~~,post_redesign,,0.2398463590291407,0.006259817249780916,38.31523340997454,0,0.22757734266976754,0.25211537538851386,0.2398463590291407,1
cluster_1_one_at_a_time,ok,post_redesign,~~,post_x_cluster_1_z,,-0.003973683192210862,0.05421113339565124,-0.07330013123336813,0.941567287273501,-0.11022555220878383,0.1022781858243621,-0.003973683192210862,-0.013686553159774998
cluster_1_one_at_a_time,ok,post_x_cluster_1_z,~~,post_x_cluster_1_z,,0.35145131409915914,0.08620444882968933,4.0769510027667755,4.563010334512896e-5,0.1824936990858421,0.5204089291124762,0.35145131409915914,1
cluster_1_one_at_a_time,ok,olse_q1_mean_z,~1,,,-0.13398666691673553,0.06137897907407943,-2.1829406245911085,0.029040182838423023,-0.2542872553097688,-0.013686078523702253,-0.13398666691673553,-0.13402941375996455
cluster_1_one_at_a_time,ok,olse_q2_mean_z,~1,,,-0.12503176642245636,0.06216435615505282,-2.0113096017691734,0.044292764936510576,-0.24687166560848067,-0.0031918672364320416,-0.12503176642245636,-0.1250716528337166
cluster_1_one_at_a_time,ok,olse_q3_mean_z,~1,,,-0.129936412663314,0.05843925339857725,-2.223444091201846,0.02618586939888523,-0.2444752446079353,-0.015397580718692669,-0.129936412663314,-0.12997787073040593
cluster_1_one_at_a_time,ok,olse_q4_mean_z,~1,,,-0.12621146190954535,0.05601480467924122,-2.2531804338562416,0.02424777456825411,-0.2359984616819038,-0.0164244621371869,-0.12621146190954535,-0.12625173066177453
cluster_1_one_at_a_time,ok,olse_q5_mean_z,~1,,,-0.12911951847360972,0.061354856636502336,-2.104471032156102,0.035337378916934004,-0.24937282775777259,-0.008866209189446861,-0.12911951847360972,-0.12916069974162867
cluster_1_one_at_a_time,ok,final_numeric_grade_z,~1,,,-0.1299838807871261,0.08725639091824093,-1.4896774828667938,0.13630905795320047,-0.3010032644078261,0.041035502833573906,-0.1299838807871261,-0.1300253524422315
cluster_1_one_at_a_time,ok,post_redesign,~1,,,0.399234693877551,0.03106137009849588,12.853093492385373,0,0.3383555271740297,0.4601138605810723,0.399234693877551,0.8151953802239675
cluster_1_one_at_a_time,ok,post_x_cluster_1_z,~1,,,-0.006614367005055115,0.09025519991650227,-0.07328516264075931,0.9415791984471444,-0.183511308258862,0.1702825742487518,-0.006614367005055115,-0.011157212449999097
cluster_1_one_at_a_time,ok,OLSE,~1,,,0,0,,,0,0,0,0
cluster_1_one_at_a_time,ok,ind_post,:=,a_post*b,ind_post,0.15744257035632386,0.030703460541454317,5.127844470291959,2.930784004373521e-7,0.09726489349432675,0.21762024721832096,0.15744257035632386,0.07713070072138332
cluster_1_one_at_a_time,ok,ind_cluster,:=,a_k*b,ind_cluster,-0.013228931650688908,0.041691282933420774,-0.3173068977468253,0.7510107439551255,-0.09494234466946301,0.0684844813680852,-0.013228931650688908,-0.007845053306298349
cluster_1_one_at_a_time,ok,total_post,:=,c_post+ind_post,total_post,0.32760950631497116,0.08676120515878084,3.775990728983261,1.5937291880674387e-4,0.15756066894847,0.4976583436814723,0.32760950631497116,0.16049503465213993
cluster_1_one_at_a_time,ok,total_cluster,:=,c_k+ind_cluster,total_cluster,0.12234439262405365,0.13909883289264946,0.8795501017501264,0.3791030802514337,-0.1502843101370946,0.3949730953852019,0.12234439262405365,0.07255297005124471
cluster_2_one_at_a_time,ok,OLSE,=~,olse_q1_mean_z,,0.8633436588915678,0.02371266129245044,36.40855188052791,0,0.816867696780768,0.9098196210023677,0.8802984507082329,0.8805792852181112
cluster_2_one_at_a_time,ok,OLSE,=~,olse_q2_mean_z,,0.8053320767369063,0.026007292837250777,30.965624979752324,0,0.7543587194405083,0.8563054340333044,0.8211476069301635,0.8214095953366415
cluster_2_one_at_a_time,ok,OLSE,=~,olse_q3_mean_z,,0.8367877829860872,0.029447252825320673,28.416497387714294,0,0.7790722280048133,0.8945033379673611,0.853221056699446,0.8534932707998805
cluster_2_one_at_a_time,ok,OLSE,=~,olse_q4_mean_z,,0.8129422927559548,0.023513983487121214,34.572716834695804,0,0.7668557319881276,0.8590288535237819,0.8289072763296289,0.8291717149079805
cluster_2_one_at_a_time,ok,OLSE,=~,olse_q5_mean_z,,0.8317142543436423,0.024336650706012538,34.1753787072336,0,0.7840152954555265,0.8794132132317581,0.8480478914626709,0.8483184423658768
cluster_2_one_at_a_time,ok,OLSE,~,post_redesign,a_post,0.3877488313305732,0.08498804995140498,4.562392378131782,5.057401883057366e-6,0.22117531430952841,0.554322348351618,0.380280681514933,0.1862390921762941
cluster_2_one_at_a_time,ok,OLSE,~,post_x_cluster_2_z,a_k,0.09661730082936337,0.10937420972199086,0.8833645616726905,0.3770393315516689,-0.11775221106326927,0.310986812721996,0.0947564248728829,0.057144849735258164
cluster_2_one_at_a_time,ok,final_numeric_grade_z,~,OLSE,b,0.3995890926271609,0.037440637712523116,10.672603808067795,0,0.32620679115240353,0.4729713941019183,0.4074364310629373,0.40756642755897704
cluster_2_one_at_a_time,ok,final_numeric_grade_z,~,post_redesign,c_post,0.16878129491732188,0.0661653726977447,2.5509006907335827,0.01074449367945518,0.03909954740607252,0.29846304242857125,0.16878129491732188,0.08268551595002385
cluster_2_one_at_a_time,ok,final_numeric_grade_z,~,post_x_cluster_2_z,c_k,0.12299588990276335,0.10753852888676996,1.1437378879551983,0.2527323555709775,-0.08777575366572592,0.3337675334712526,0.12299588990276335,0.07419891782830228
cluster_2_one_at_a_time,ok,olse_q1_mean_z,~~,olse_q1_mean_z,,0.22443689901775069,0.008825557708600957,25.430336124710337,0,0.20713912376541296,0.2417346742700884,0.22443689901775069,0.22458012244476017
cluster_2_one_at_a_time,ok,olse_q2_mean_z,~~,olse_q2_mean_z,,0.32507880980972503,0.012140867798047449,26.775582702745986,0,0.3012831461844899,0.34887447343496014,0.32507880980972503,0.32528627668889465
cluster_2_one_at_a_time,ok,olse_q3_mean_z,~~,olse_q3_mean_z,,0.2713760478864014,0.007246659635068022,37.448433009487424,0,0.2571728559934479,0.2855792397793549,0.2713760478864014,0.2715492366993218
cluster_2_one_at_a_time,ok,olse_q4_mean_z,~~,olse_q4_mean_z,,0.31227499104343676,0.016523734210053705,18.898572627332392,0,0.2798890671016191,0.3446609149852544,0.31227499104343676,0.3124742671965587
cluster_2_one_at_a_time,ok,olse_q5_mean_z,~~,olse_q5_mean_z,,0.2801770232740641,0.013186033543071412,21.248013844260452,0,0.254332872430707,0.30602117411742114,0.2801770232740641,0.28035582034193224
cluster_2_one_at_a_time,ok,final_numeric_grade_z,~~,final_numeric_grade_z,,0.8047688066736757,0.053239118400954084,15.116118201146877,0,0.700422052039142,0.9091155613082094,0.8047688066736757,0.8052824269911548
cluster_2_one_at_a_time,ok,OLSE,~~,OLSE,,1,0,,,1,1,0.9618504046860017,0.9618504046860017
cluster_2_one_at_a_time,ok,post_redesign,~~,post_redesign,,0.23984637826174826,0.006259818193501041,38.31523070602232,0,0.22757736005271764,0.25211539647077885,0.23984637826174826,1
cluster_2_one_at_a_time,ok,post_redesign,~~,post_x_cluster_2_z,,0.0027621385234431104,0.055743952992076164,0.04955046018777571,0.9604806251418652,-0.10649400169691993,0.11201827874380614,0.0027621385234431104,0.009352128038991731
cluster_2_one_at_a_time,ok,post_x_cluster_2_z,~~,post_x_cluster_2_z,,0.36369460342882526,0.1140883155206768,3.1878339317132878,0.0014334283647059465,0.14008561395145674,0.5873035929061938,0.36369460342882526,1
cluster_2_one_at_a_time,ok,olse_q1_mean_z,~1,,,-0.13403143915305815,0.06138029702342963,-2.183623176373628,0.0289899490845833,-0.25433461067935126,-0.013728267626765045,-0.13403143915305815,-0.13407419812132915
cluster_2_one_at_a_time,ok,olse_q2_mean_z,~1,,,-0.12502532677937878,0.06217150645518417,-2.010974703813913,0.04432812871735825,-0.2468792402961392,-0.0031714132626183555,-0.12502532677937878,-0.12506521630210998
cluster_2_one_at_a_time,ok,olse_q3_mean_z,~1,,,-0.1299087330044096,0.05843724089752037,-2.2230469989544277,0.026212630969103534,-0.2444436205194406,-0.015373845489378618,-0.1299087330044096,-0.1299501794603025
cluster_2_one_at_a_time,ok,olse_q4_mean_z,~1,,,-0.12620684600677834,0.05602041656098114,-2.252872323243002,0.02426720039749397,-0.23600484486523254,-0.01640884714832415,-0.12620684600677834,-0.12624710860295682
cluster_2_one_at_a_time,ok,olse_q5_mean_z,~1,,,-0.12912111376183558,0.06135044677983859,-2.104648303951199,0.035321933581038856,-0.24936577988576053,-0.008876447637910637,-0.12912111376183558,-0.12916230699432033
cluster_2_one_at_a_time,ok,final_numeric_grade_z,~1,,,-0.12998386648285828,0.087256390151021615,-1.4896773320313252,0.1363090976324708,-0.30100324859983607,0.0410355156341195,-0.12998386648285828,-0.13002533908053537
cluster_2_one_at_a_time,ok,post_redesign,~1,,,0.399234693877551,0.031061370098421498,12.853093492416152,0,0.33835552717417555,0.46011386058092646,0.399234693877551,0.8151953475398527
cluster_2_one_at_a_time,ok,post_x_cluster_2_z,~1,,,0.004597702764334941,0.09279783314124805,0.04954536769556628,0.9604846833782399,-0.17728270803586862,0.1864781135645385,0.004597702764334941,0.0076238169947929375
cluster_2_one_at_a_time,ok,OLSE,~1,,,0,0,,,0,0,0,0
cluster_2_one_at_a_time,ok,ind_post,:=,a_post*b,ind_post,0.1549402036786258,0.03327853241145286,4.6558604737420115,3.2263037945678974e-6,0.08971547869382934,0.22016492866342224,0.15494020367862582,0.07590480147011923
cluster_2_one_at_a_time,ok,ind_cluster,:=,a_k*b,ind_cluster,0.03860721957049075,0.04565623932269079,0.8456066496765375,0.3977722147298852,-0.050877365171524566,0.12809180431250605,0.03860721957049075,0.023290322259993727
cluster_2_one_at_a_time,ok,total_post,:=,c_post+ind_post,total_post,0.3237214985959477,0.08095105588290008,3.9989780870088674,6.361656911257896e-5,0.16506034455497431,0.48238265263692104,0.3237214985959477,0.15859031742014307
cluster_2_one_at_a_time,ok,total_cluster,:=,c_k+ind_cluster,total_cluster,0.1616031094732541,0.12612470252943367,1.2812962586416474,0.20008962653183104,-0.08559676504526367,0.40880298399177184,0.1616031094732541,0.097489240088296
cluster_3_one_at_a_time,ok,OLSE,=~,olse_q1_mean_z,,0.8646761263606477,0.02562119692794024,33.748467286386116,0,0.8144595031410766,0.9148927495802188,0.8801979009727476,0.8804787496015598
cluster_3_one_at_a_time,ok,OLSE,=~,olse_q2_mean_z,,0.8066799996809555,0.02861846774632592,28.18739307888062,0,0.7505888336054356,0.8627711657564754,0.8211606876026134,0.8214227537372849
cluster_3_one_at_a_time,ok,OLSE,=~,olse_q3_mean_z,,0.8382544534180825,0.031998576367693064,26.19661711776699,0,0.7755383961808495,0.9009705106553154,0.8533019333899275,0.853574207600366
cluster_3_one_at_a_time,ok,OLSE,=~,olse_q4_mean_z,,0.8142871360782287,0.02476923118821517,32.87494593153357,0,0.7657403350245807,0.8628339371318766,0.8289043794719325,0.8291688550459021
cluster_3_one_at_a_time,ok,OLSE,=~,olse_q5_mean_z,,0.8331192577396852,0.02581754423857165,32.26950053967555,0,0.7825178008628152,0.8837207146165552,0.8480745559714786,0.8483452379586724
cluster_3_one_at_a_time,ok,OLSE,~,post_redesign,a_post,0.3886328096220292,0.08203116121976156,4.737624139939718,2.162383949233515e-6,0.2278546880212978,0.5494109312227605,0.38177949757577945,0.18697311418669774
cluster_3_one_at_a_time,ok,OLSE,~,post_x_cluster_3_z,a_k,-0.01510109228064034,0.11361805180970029,-0.13291102989455647,0.8942637437056764,-0.23778838182125872,0.20758619725997807,-0.014834793360229852,-0.008624715551763898
cluster_3_one_at_a_time,ok,final_numeric_grade_z,~,OLSE,b,0.404635657694707,0.040984315333361325,9.872939303815395,0,0.32430787571028613,0.48496343967912786,0.41189925996992055,0.41203067469385984
cluster_3_one_at_a_time,ok,final_numeric_grade_z,~,post_redesign,c_post,0.16813391683329199,0.06493991086321453,2.58906910401277,0.009623577995633514,0.04085403038215013,0.29541380328443384,0.16813391683329199,0.08236836163373769
cluster_3_one_at_a_time,ok,final_numeric_grade_z,~,post_x_cluster_3_z,c_k,0.01309770739461346,0.12327252268689526,0.10625001508146989,0.9153839891985895,-0.2285119973550979,0.2547074121443248,0.01309770739461346,0.007617230560845591
cluster_3_one_at_a_time,ok,olse_q1_mean_z,~~,olse_q1_mean_z,,0.2246138115921917,0.008800535378095038,25.52274400842322,0,0.20736507920645486,0.24186254397792856,0.2246138115921917,0.22475717150007382
cluster_3_one_at_a_time,ok,olse_q2_mean_z,~~,olse_q2_mean_z,,0.3250571483359152,0.012114324927330297,26.832460767382596,0,0.30131350778133204,0.34880078889049837,0.3250571483359152,0.3252646596426557
cluster_3_one_at_a_time,ok,olse_q3_mean_z,~~,olse_q3_mean_z,,0.2712379496219607,0.007311404739412483,37.09792567765252,0,0.25690785965631674,0.2855680395876046,0.2712379496219607,0.2714110721194074
cluster_3_one_at_a_time,ok,olse_q4_mean_z,~~,olse_q4_mean_z,,0.3122797020816797,0.016563149873350988,18.853883740079965,0,0.27981652485937264,0.3447428793039868,0.3122797020816797,0.312479009821868
cluster_3_one_at_a_time,ok,olse_q5_mean_z,~~,olse_q5_mean_z,,0.2801315082067658,0.013220474560211377,21.189217295561807,0,0.25421985421022353,0.3060431622033081,0.2801315082067658,0.2803103572328434
cluster_3_one_at_a_time,ok,final_numeric_grade_z,~~,final_numeric_grade_z,,0.8101910062770085,0.057487832492492286,14.093260628374129,0,0.6975169250424521,0.9228650875115648,0.8101910062770085,0.8107080648024458
cluster_3_one_at_a_time,ok,OLSE,~~,OLSE,,1,0,,,1,1,0.9650421436097657,0.9650421436097657
cluster_3_one_at_a_time,ok,post_redesign,~~,post_redesign,,0.2398463529478129,0.006259816926451371,38.31523441753103,0,0.227577337222154,0.2521153686734718,0.2398463529478129,1
cluster_3_one_at_a_time,ok,post_redesign,~~,post_x_cluster_3_z,,0.006663119822377912,0.052086141151889136,0.12792500413780883,0.8982083231758835,-0.09542384092899436,0.10875008057375019,0.006663119822377912,0.023401720296129146
cluster_3_one_at_a_time,ok,post_x_cluster_3_z,~~,post_x_cluster_3_z,,0.3380076728071997,0.08746769020587802,3.864371769868513,1.1137548016582066e-4,0.166574150192772,0.5094411954216274,0.3380076728071997,1
cluster_3_one_at_a_time,ok,olse_q1_mean_z,~1,,,-0.13401455181168326,0.06138039983332096,-2.1833443929267484,0.02901045766273458,-0.25431792484166066,-0.013711178781705871,-0.13401455181168326,-0.1340573124261719
cluster_3_one_at_a_time,ok,olse_q2_mean_z,~1,,,-0.12502572032427844,0.06216871046788473,-2.0110714760420283,0.04431790754011877,-0.24687415380663075,-0.003177286841926155,-0.12502572032427844,-0.12506562117164555
cluster_3_one_at_a_time,ok,olse_q3_mean_z,~1,,,-0.12991953049985294,0.05844170934981054,-2.2230617814787466,0.02621163429463147,-0.24446317602043932,-0.015375884979266577,-0.12991953049985294,-0.1299609856240044
cluster_3_one_at_a_time,ok,olse_q4_mean_z,~1,,,-0.12620484315923364,0.05602477139048605,-2.2526614571900843,0.02428050290345607,-0.23601137732667626,-0.01639830899179101,-0.12620484315923364,-0.12624511088993806
cluster_3_one_at_a_time,ok,olse_q5_mean_z,~1,,,-0.1291235640480868,0.061344450114789624,-2.104893984809821,0.0353005374258486,-0.24935647692448842,-0.008890651171685207,-0.1291235640480868,-0.1291647767252789
cluster_3_one_at_a_time,ok,final_numeric_grade_z,~1,,,-0.12998379262426357,0.08725638934838442,-1.4896764992794223,0.13630931669906188,-0.3010031731681014,0.041035587919574235,-0.12998379262426357,-0.13002526340579773
cluster_3_one_at_a_time,ok,post_redesign,~1,,,0.399234693877551,0.031061370098318226,12.853093492458886,0,0.33835552717437795,0.46011386058072407,0.399234693877551,0.8151953905586469
cluster_3_one_at_a_time,ok,post_x_cluster_3_z,~1,,,0.011091052927285332,0.0867420334820829,0.12786249620924853,0.8982577910596987,-0.1589202086433646,0.18110231449793524,0.011091052927285332,0.01907697446207376
cluster_3_one_at_a_time,ok,OLSE,~1,,,0,0,,,0,0,0,0
cluster_3_one_at_a_time,ok,ind_post,:=,a_post*b,ind_post,0.15725469252315163,0.031073912054322774,5.060666074108796,4.1779436887878774e-7,0.09635094403791397,0.2181584410083893,0.15725469252315163,0.07703865838795716
cluster_3_one_at_a_time,ok,ind_cluster,:=,a_k*b,ind_cluster,-0.006110440406885367,0.04557126301076365,-0.13408538634187336,0.8933350552971997,-0.09542847463798444,0.08320759382421371,-0.006110440406885367,-0.0035536473678359046
cluster_3_one_at_a_time,ok,total_post,:=,c_post+ind_post,total_post,0.32538860935644365,0.07678881247815059,4.237448123696788,2.2607463195933875e-5,0.17488530248366865,0.47589191622921867,0.32538860935644365,0.15940702002169485
cluster_3_one_at_a_time,ok,total_cluster,:=,c_k+ind_cluster,total_cluster,0.006987266987728093,0.1497914212945714,0.046646643227901054,0.9627948565472997,-0.28659852394269786,0.3005730579181541,0.006987266987728093,0.004063583193009687
cluster_4_one_at_a_time,ok,OLSE,=~,olse_q1_mean_z,,0.8616770956418516,0.02671157938646786,32.25856034848987,0,0.8093233620741921,0.9140308292095111,0.8797819975180409,0.8800626995376344
cluster_4_one_at_a_time,ok,OLSE,=~,olse_q2_mean_z,,0.8042710652827673,0.030185573426099854,26.64422020180531,0,0.7451084285149222,0.8634337020506123,0.8211697954363827,0.8214317963175035
cluster_4_one_at_a_time,ok,OLSE,=~,olse_q3_mean_z,,0.8359020922300336,0.03347586028579872,24.970294567295817,0,0.7702906117183734,0.9015135727416939,0.8534654293948134,0.8537377337570944
cluster_4_one_at_a_time,ok,OLSE,=~,olse_q4_mean_z,,0.811817448935542,0.025597789278243136,31.714357834234807,0,0.7616467038663399,0.861988194004744,0.8288747379463495,0.8291391907656638
cluster_4_one_at_a_time,ok,OLSE,=~,olse_q5_mean_z,,0.8309574116478278,0.026318605941096706,31.573002517974608,0,0.7793738918799763,0.8825409314156792,0.8484168549558453,0.8486875551880434
cluster_4_one_at_a_time,ok,OLSE,~,post_redesign,a_post,0.3933247516927279,0.07946316495722726,4.949774551572962,7.429949762105537e-7,0.23757981027899722,0.5490696931064586,0.38523058057424314,0.1886632509564277
cluster_4_one_at_a_time,ok,OLSE,~,post_x_cluster_4_z,a_k,0.12305985441530815,0.09274724422505992,1.3268303057791326,0.1845648230180863,-0.058721403931149746,0.30484111276176606,0.12052742411396909,0.07654433078961971
cluster_4_one_at_a_time,ok,final_numeric_grade_z,~,OLSE,b,0.4052432174821358,0.040500449430937044,10.005894333917762,0,0.3258637952398135,0.4846226397244581,0.4137578788623831,0.41388988557288603
cluster_4_one_at_a_time,ok,final_numeric_grade_z,~,post_redesign,c_post,0.16656868899475252,0.0643835042171899,2.5871330089902123,0.009677822644358569,0.04037933953057768,0.29275803845892734,0.16656868899475252,0.08160156026314583
cluster_4_one_at_a_time,ok,final_numeric_grade_z,~,post_x_cluster_4_z,c_k,-0.03814418373794423,0.1087283397638534,-0.3508209894567453,0.7257226494946643,-0.2512478137739311,0.1749594462980426,-0.03814418373794423,-0.024232265452100527
cluster_4_one_at_a_time,ok,olse_q1_mean_z,~~,olse_q1_mean_z,,0.22534582489220803,0.00878409838996723,25.653836613395303,0,0.208129308411216,0.24256234137320007,0.22534582489220803,0.22548964488253137
cluster_4_one_at_a_time,ok,olse_q2_mean_z,~~,olse_q2_mean_z,,0.32504235611171606,0.012101235817043627,26.860261301074704,0,0.3013243697418844,0.3487603424815477,0.32504235611171606,0.3252498039985993
cluster_4_one_at_a_time,ok,olse_q3_mean_z,~~,olse_q3_mean_z,,0.27095895152179883,0.007339819623553368,36.91629568828854,0,0.2565731694066139,0.28534473363698376,0.27095895152179883,0.2711318819593004
cluster_4_one_at_a_time,ok,olse_q4_mean_z,~~,olse_q4_mean_z,,0.3123288732376648,0.016571700126651167,18.84712315879811,0,0.2798489378268307,0.3448088086484989,0.3123288732376648,0.31252820233646017
cluster_4_one_at_a_time,ok,olse_q5_mean_z,~~,olse_q5_mean_z,,0.2795510152491565,0.013186918128907836,21.199116618183584,0,0.2537051306494188,0.3053968998488942,0.2795510152491565,0.27972943366894154
cluster_4_one_at_a_time,ok,final_numeric_grade_z,~~,final_numeric_grade_z,,0.809660067109554,0.05662753947380766,14.297991306580641,0,0.6986721292077708,0.9206480050113371,0.809660067109554,0.8101767828861637
cluster_4_one_at_a_time,ok,OLSE,~~,OLSE,,1,0,,,1,1,0.9592657888077892,0.9592657888077892
cluster_4_one_at_a_time,ok,post_redesign,~~,post_redesign,,0.2398463518239154,0.006259816823497638,38.31523486815107,0,0.2275773363000421,0.25211536734778867,0.2398463518239154,1
cluster_4_one_at_a_time,ok,post_redesign,~~,post_x_cluster_4_z,,-0.007738881066970202,0.061333813080117795,-0.12617642175387378,0.8995922748977128,-0.12795094573851273,0.11247318360457233,-0.007738881066970202,-0.024881952599021342
cluster_4_one_at_a_time,ok,post_x_cluster_4_z,~~,post_x_cluster_4_z,,0.40332422772247184,0.07540966953826746,5.34844178726709,8.871470047466801e-8,0.25552399134140047,0.5511244641035432,0.40332422772247184,1
cluster_4_one_at_a_time,ok,olse_q1_mean_z,~1,,,-0.13394222535512357,0.06138178833718528,-2.1821166991640246,0.029100921055057904,-0.2542483198026674,-0.01363613090757973,-0.13394222535512357,-0.13398496077511637
cluster_4_one_at_a_time,ok,olse_q2_mean_z,~1,,,-0.1250188118267794,0.062166660301175035,-2.0110266696185444,0.04432263979104101,-0.24686322705621838,-0.003174396597340423,-0.1250188118267794,-0.12505870009232123
cluster_4_one_at_a_time,ok,olse_q3_mean_z,~1,,,-0.12993566633376125,0.05844701419445738,-2.223136085300372,0.026206625042644704,-0.24448970915879897,-0.015381623508723505,-0.12993566633376125,-0.12997712325461586
cluster_4_one_at_a_time,ok,olse_q4_mean_z,~1,,,-0.12619184934453506,0.056026613692804955,-2.2523554615748775,0.02429981790847391,-0.23600199435817137,-0.01638170433089875,-0.12619184934453506,-0.12623211090494446
cluster_4_one_at_a_time,ok,olse_q5_mean_z,~1,,,-0.12916703122161308,0.061338392224838036,-2.1058105133917886,0.035220815235228686,-0.24938807085188724,-0.008945991591338895,-0.12916703122161308,-0.1292082439169288
cluster_4_one_at_a_time,ok,final_numeric_grade_z,~1,,,-0.1299839602057516,0.08725639098877576,-1.48967839183805,0.13630881883644697,-0.3010033439646973,0.041035423553194145,-0.1299839602057516,-0.1300254307272365
cluster_4_one_at_a_time,ok,post_redesign,~1,,,0.399234693877551,0.031061370098454208,12.853093492402616,0,0.33835552717411144,0.4601138605809906,0.399234693877551,0.8151953924686115
cluster_4_one_at_a_time,ok,post_x_cluster_4_z,~1,,,-0.012881708444152238,0.10213827050739062,-0.1261202914457038,0.8996367054728882,-0.21306904008184738,0.1873056231935429,-0.012881708444152238,-0.020283659429045316
cluster_4_one_at_a_time,ok,OLSE,~1,,,0,0,,,0,0,0,0
cluster_4_one_at_a_time,ok,ind_post,:=,a_post*b,ind_post,0.1593921878913232,0.029616594747184775,5.381853965722184,7.372256405346889e-8,0.10134472884212292,0.21743964694052348,0.1593921878913232,0.07808581135016454
cluster_4_one_at_a_time,ok,ind_cluster,:=,a_k*b,ind_cluster,0.04986917134614269,0.035013147339556475,1.424298446024087,0.15436009715929377,-0.018755336424782387,0.11849367911706776,0.049869171346142695,0.03168092431176884
cluster_4_one_at_a_time,ok,total_post,:=,c_post+ind_post,total_post,0.3259608768860757,0.07566337315152667,4.308040512987607,1.647072211574674e-5,0.1776633905602686,0.47425836321188286,0.3259608768860757,0.15968737161331037
cluster_4_one_at_a_time,ok,total_cluster,:=,c_k+ind_cluster,total_cluster,0.011724987608198456,0.12907700545354486,0.09083715234173377,0.9276219887700794,-0.24126129431302956,0.2647112695294265,0.011724987608198463,0.007448658859668313
cluster_5_one_at_a_time,ok,OLSE,=~,olse_q1_mean_z,,0.8633526148827074,0.02455176792784487,35.16458030313794,0,0.8152320339873459,0.911473195778069,0.8802376396039197,0.8805184678922298
cluster_5_one_at_a_time,ok,OLSE,=~,olse_q2_mean_z,,0.8054023606969128,0.027138618753445823,29.67735270589812,0,0.7522116453499957,0.85859307604383,0.8211540229221297,0.8214160203656322
cluster_5_one_at_a_time,ok,OLSE,=~,olse_q3_mean_z,,0.8369076860210645,0.030566687424750744,27.37973122149297,0,0.7769980795418596,0.8968172925002693,0.8532755138636408,0.8535477573530961
cluster_5_one_at_a_time,ok,OLSE,=~,olse_q4_mean_z,,0.8130146778526496,0.023741872957073234,34.24391493133798,0,0.7664814619312605,0.8595478937740386,0.8289152180231516,0.8291796708961843
cluster_5_one_at_a_time,ok,OLSE,=~,olse_q5_mean_z,,0.8317833206646751,0.024673623684447785,33.71143741601938,0,0.783423906875063,0.8801427344542871,0.8480509286964445,0.8483214670393605
cluster_5_one_at_a_time,ok,OLSE,~,post_redesign,a_post,0.38899299544018606,0.08028942847261983,4.8448843495360014,1.2668545041893964e-6,0.23162860729454648,0.5463573835858256,0.3815311964340206,0.18685150863041214
cluster_5_one_at_a_time,ok,OLSE,~,post_x_cluster_5_z,a_k,0.09533673634521503,0.0842774602309477,1.131224601263034,0.25796056988699667,-0.06984405041594913,0.2605175231063792,0.09350795389193003,0.055792841409268226
cluster_5_one_at_a_time,ok,final_numeric_grade_z,~,OLSE,b,0.39738025222429146,0.03771247252701399,10.53710418853185,0,0.32346516430338784,0.4712953401451951,0.40515201924840627,0.40528128079034076
cluster_5_one_at_a_time,ok,final_numeric_grade_z,~,post_redesign,c_post,0.17140481985569705,0.0544779792133163,3.146313837826786,0.0016534248207620283,0.06462994264707544,0.27817969706431867,0.17140481985569705,0.08397076725353968
cluster_5_one_at_a_time,ok,final_numeric_grade_z,~,post_x_cluster_5_z,c_k,0.19362059665460427,0.10805198598674925,1.7919207582019692,0.07314566029119329,-0.018157404337450805,0.4053985976466593,0.19362059665460427,0.115563321806969
cluster_5_one_at_a_time,ok,olse_q1_mean_z,~~,olse_q1_mean_z,,0.22454392924715838,0.00883498719093497,25.41530897492969,0,0.20722767254905314,0.24186018594526362,0.22454392924715838,0.22468722770072042
cluster_5_one_at_a_time,ok,olse_q2_mean_z,~~,olse_q2_mean_z,,0.32506825580714516,0.012134600838997431,26.788541305986833,0,0.30128487519594066,0.34885163641834965,0.32506825580714516,0.32527572148668743
cluster_5_one_at_a_time,ok,olse_q3_mean_z,~~,olse_q3_mean_z,,0.2712830887876843,0.007352215855129012,36.89813984425298,0,0.2568730105050671,0.2856931670703015,0.2712830887876843,0.2714562259175003
cluster_5_one_at_a_time,ok,olse_q4_mean_z,~~,olse_q4_mean_z,,0.3122617967752862,0.016549247022056752,18.86864075199949,0,0.2798258686407982,0.3446977249097742,0.3122617967752862,0.3124610733724958
cluster_5_one_at_a_time,ok,olse_q5_mean_z,~~,olse_q5_mean_z,,0.2801719037016248,0.013203103215129646,21.22015552984327,0,0.25429429691580574,0.3060495104874439,0.2801719037016248,0.2803506885601874
cluster_5_one_at_a_time,ok,final_numeric_grade_z,~~,final_numeric_grade_z,,0.7969463213457164,0.05834779270504444,13.658551324715607,0,0.6825867490664205,0.9113058936250124,0.7969463213457164,0.7974549252205588
cluster_5_one_at_a_time,ok,OLSE,~~,OLSE,,1,0,,,1,1,0.9620032664845288,0.9620032664845288
cluster_5_one_at_a_time,ok,post_redesign,~~,post_redesign,,0.23984634709455163,0.006259816630254759,38.31523529544515,0,0.22757733194942742,0.25211536223967584,0.23984634709455163,1
cluster_5_one_at_a_time,ok,post_redesign,~~,post_x_cluster_5_z,,-4.147570823849221e-4,0.0550237811439922,-0.007537778643374958,0.9939857797505236,-0.10825938641782373,0.10742987225305389,-4.147570823849221e-4,-0.0014193755861057647
cluster_5_one_at_a_time,ok,post_x_cluster_5_z,~~,post_x_cluster_5_z,,0.3560080770385136,0.07825877435071887,4.549113885211817,5.387228358966212e-6,0.2026236978368577,0.5093924562401695,0.3560080770385136,1
cluster_5_one_at_a_time,ok,olse_q1_mean_z,~1,,,-0.13402137464934985,0.06137004234114779,-2.1838240538330265,0.028975179362094483,-0.25430444736769764,-0.013738301931002048,-0.13402137464934985,-0.13406413241332898
cluster_5_one_at_a_time,ok,olse_q2_mean_z,~1,,,-0.1250255255898291,0.06217021562111839,-2.011019655324464,0.04432338064752295,-0.24687690911831056,-0.00317414206134764,-0.1250255255898291,-0.12506541624025852
cluster_5_one_at_a_time,ok,olse_q3_mean_z,~1,,,-0.12991622763527605,0.05844872114611104,-2.222738583287552,0.02623343259025135,-0.24447361602407833,-0.015358839246473771,-0.12991622763527605,-0.12995767831160937
cluster_5_one_at_a_time,ok,olse_q4_mean_z,~1,,,-0.1262072175872592,0.0560194941328755,-2.2529160525423855,0.024264442521321872,-0.236003408519848,-0.016411026654670396,-0.1262072175872592,-0.1262474820926787
cluster_5_one_at_a_time,ok,olse_q5_mean_z,~1,,,-0.12912076985433313,0.061350162943837126,-2.104652435439111,0.03532157368149469,-0.24936487966991766,-0.008876660038748582,-0.12912076985433313,-0.12916196091719315
cluster_5_one_at_a_time,ok,final_numeric_grade_z,~1,,,-0.12998384535430685,0.08725639058029529,-1.4896770825592744,0.13630916325942133,-0.3010032283126456,0.04103553760403189,-0.12998384535430685,-0.1300253159912007
cluster_5_one_at_a_time,ok,post_redesign,~1,,,0.399234693877551,0.0310613700983966,12.853093492426455,0,0.33835552717422435,0.46011386058087766,0.399234693877551,0.8151954005057478
cluster_5_one_at_a_time,ok,post_x_cluster_5_z,~1,,,-6.903795155232636e-4,0.09158982805278079,-0.007537731320179094,0.9939858175078984,-0.18020314384918984,0.17882238481814333,-6.903795155232636e-4,-0.0011570655710457934
cluster_5_one_at_a_time,ok,OLSE,~1,,,0,0,,,0,0,0,0
cluster_5_one_at_a_time,ok,ind_post,:=,a_post*b,ind_post,0.1545781346415038,0.03283218294508368,4.708128451283818,2.500015504613984e-6,0.0902282385353096,0.218928030747698,0.1545781346415038,0.07572741873534085
cluster_5_one_at_a_time,ok,ind_cluster,:=,a_k*b,ind_cluster,0.03788493633510232,0.03479976596089144,1.0886549173255375,0.27630608943022295,-0.030321351618667787,0.10609122428887244,0.03788493633510232,0.022611794225280587
cluster_5_one_at_a_time,ok,total_post,:=,c_post+ind_post,total_post,0.3259829544972008,0.07216102446925757,4.51743800610921,6.259234490713084e-6,0.18454994544994247,0.4674159635444592,0.3259829544972008,0.15969818598888053
cluster_5_one_at_a_time,ok,total_cluster,:=,c_k+ind_cluster,total_cluster,0.23150553298970658,0.12842361736167046,1.8026710175725211,0.07143989644467208,-0.020200131803520233,0.4832111977829334,0.23150553298970658,0.13817511603224958
cluster_6_one_at_a_time,ok,OLSE,=~,olse_q1_mean_z,,0.8644969570384843,0.025648311696947076,33.7058036120711,0,0.8142271898482106,0.9147667242287579,0.8800534895032562,0.8803342622550718
cluster_6_one_at_a_time,ok,OLSE,=~,olse_q2_mean_z,,0.8066845880350484,0.02868310278369363,28.124035050128864,0,0.7504667396141483,0.8629024364559484,0.8212007929567966,0.8214627591395887
cluster_6_one_at_a_time,ok,OLSE,=~,olse_q3_mean_z,,0.8383202378498211,0.03215638610856394,26.07010113075357,0,0.7752948792040717,0.9013455964955706,0.8534057229863588,0.8536780298233531
cluster_6_one_at_a_time,ok,OLSE,=~,olse_q4_mean_z,,0.8142990885362557,0.024812995168830298,32.81744436718247,0,0.7656665116567819,0.8629316654157294,0.8289523155993609,0.8292168296986028
cluster_6_one_at_a_time,ok,OLSE,=~,olse_q5_mean_z,,0.8330688840728286,0.025934997171772396,32.121417964893375,0,0.7822372236770065,0.8839005444686507,0.8480598716465343,0.8483304588352107
cluster_6_one_at_a_time,ok,OLSE,~,post_redesign,a_post,0.38785658427880226,0.07965042250993955,4.86948558534516,1.118891448603776e-6,0.2317446248059224,0.5439685437516821,0.3810005197134377,0.18659162426019557
cluster_6_one_at_a_time,ok,OLSE,~,post_x_cluster_6_z,a_k,-0.021625282024702857,0.10848751095951847,-0.1993342997128233,0.8420012502108816,-0.2342568962777534,0.1910063322283477,-0.02124301616712751,-0.012587355638288271
cluster_6_one_at_a_time,ok,final_numeric_grade_z,~,OLSE,b,0.40560919848818705,0.03771928348209069,10.753364354886868,0,0.33168076134063273,0.47953763563574137,0.41290809365828385,0.41303979005500885
cluster_6_one_at_a_time,ok,final_numeric_grade_z,~,post_redesign,c_post,0.17048076806921988,0.07380358332748069,2.309925350274172,0.020892287323050596,0.025828402817356988,0.3151331333210828,0.17048076806921988,0.08351807310841783
cluster_6_one_at_a_time,ok,final_numeric_grade_z,~,post_x_cluster_6_z,c_k,0.1386302910397312,0.12472230138725579,1.1115116502644695,0.26634817815128775,-0.10582092774824009,0.3830815098277025,0.1386302910397312,0.08217031533045567
cluster_6_one_at_a_time,ok,olse_q1_mean_z,~~,olse_q1_mean_z,,0.2248680797382501,0.008753629694962852,25.688552928809308,0,0.2077112808021226,0.2420248786743776,0.2248680797382501,0.2250115866998184
cluster_6_one_at_a_time,ok,olse_q2_mean_z,~~,olse_q2_mean_z,,0.3249915551850326,0.012090678202254904,26.87951409743267,0,0.3012942613599495,0.34868884901011565,0.3249915551850326,0.3251989353467742
cluster_6_one_at_a_time,ok,olse_q3_mean_z,~~,olse_q3_mean_z,,0.2710608122725412,0.00726715380751521,37.29944617275446,0,0.2568174525396983,0.2853041720053841,0.2710608122725412,0.27123382139691826
cluster_6_one_at_a_time,ok,olse_q4_mean_z,~~,olse_q4_mean_z,,0.312200174857738,0.016572254846795222,18.838726398062356,0,0.2797191522154,0.344681197500076,0.312200174857738,0.3123994493445983
cluster_6_one_at_a_time,ok,olse_q5_mean_z,~~,olse_q5_mean_z,,0.28015662710508726,0.013197935771088272,21.227306448846747,0,0.2542891483234814,0.30602410588669315,0.28015662710508726,0.2803354326124408
cluster_6_one_at_a_time,ok,final_numeric_grade_z,~~,final_numeric_grade_z,,0.8034992780892027,0.0510688691413232,15.733641484515237,0,0.7034061338410204,0.9035924223373851,0.8034992780892027,0.8040119095273272
cluster_6_one_at_a_time,ok,OLSE,~~,OLSE,,1,0,,,1,1,0.964958862691539,0.964958862691539
cluster_6_one_at_a_time,ok,post_redesign,~~,post_redesign,,0.239846372370262,0.006259817898168626,38.31523157254007,0,0.22757735474007226,0.2521153900004517,0.239846372370262,1
cluster_6_one_at_a_time,ok,post_redesign,~~,post_x_cluster_6_z,,-0.004093452901145202,0.05413131336656272,-0.07562079407579561,0.9397207925517894,-0.11018887753545971,0.10200197173316931,-0.004093452901145202,-0.014106033066618222
cluster_6_one_at_a_time,ok,post_x_cluster_6_z,~~,post_x_cluster_6_z,,0.3511047025471248,0.08523233569055401,4.119383796096491,3.79886945036656e-5,0.18405239427541115,0.5181570108188385,0.3511047025471248,1
cluster_6_one_at_a_time,ok,olse_q1_mean_z,~1,,,-0.13399108949583427,0.06137946710265858,-2.18299532108565,0.029036154581790985,-0.2542926344073061,-0.013689544584362431,-0.13399108949583427,-0.134033838087102
cluster_6_one_at_a_time,ok,olse_q2_mean_z,~1,,,-0.12503065898352494,0.0621644924592643,-2.0112873770417434,0.04429511103412409,-0.24687082532089472,-0.003190492646155188,-0.12503065898352494,-0.12507054424026948
cluster_6_one_at_a_time,ok,olse_q3_mean_z,~1,,,-0.12993383958274882,0.058439112023315934,-2.223405440022909,0.02618847321233231,-0.24447239443694965,-0.015395284728547981,-0.12993383958274882,-0.12997529919793804
cluster_6_one_at_a_time,ok,olse_q4_mean_z,~1,,,-0.12621069458680778,0.05601519957503631,-2.25315085091752,0.02424963913504441,-0.23599846834070226,-0.0164229208329133,-0.12621069458680778,-0.12625096772142008
cluster_6_one_at_a_time,ok,olse_q5_mean_z,~1,,,-0.12911992632810707,0.061354519813560326,-2.104489232748742,0.03533579287035815,-0.24937257545143443,-0.008867277204779714,-0.12911992632810707,-0.12916112412443645
cluster_6_one_at_a_time,ok,final_numeric_grade_z,~1,,,-0.12998374810755983,0.08725638987822273,-1.4896759800510713,0.1363094532892024,-0.30100312968986165,0.041035633474741984,-0.12998374810755983,-0.13002520622262584
cluster_6_one_at_a_time,ok,post_redesign,~1,,,0.399234693877551,0.031061370098482144,12.853093492391057,0,0.3383555271740567,0.4601138605810453,0.399234693877551,0.8151953575519119
cluster_6_one_at_a_time,ok,post_x_cluster_6_z,~1,,,-0.006813731967107424,0.09012322095940441,-0.07560462103520066,0.9397336599353288,-0.18345199921828534,0.16982453528407052,-0.006813731967107424,-0.011499176037852856
cluster_6_one_at_a_time,ok,OLSE,~1,,,0,0,,,0,0,0,0
cluster_6_one_at_a_time,ok,ind_post,:=,a_post*b,ind_post,0.15731819827769095,0.030914923290930346,5.088746195396322,3.604386256128578e-7,0.096726062042649,0.2179103345127329,0.15731819827769095,0.07706976531045427
cluster_6_one_at_a_time,ok,ind_cluster,:=,a_k*b,ind_cluster,-0.008771413309120724,0.04348888402733965,-0.20169322587368538,0.8401565587397517,-0.09400805973054563,0.07646523311230419,-0.008771413309120724,-0.00519907873018632
cluster_6_one_at_a_time,ok,total_post,:=,c_post+ind_post,total_post,0.32779896634691086,0.08708732352100261,3.76402618766733,1.671993626153334e-4,0.15711094873575787,0.49848698395806385,0.32779896634691086,0.1605878384188721
cluster_6_one_at_a_time,ok,total_cluster,:=,c_k+ind_cluster,total_cluster,0.12985887773061047,0.137415485582102,0.9450090517856762,0.3446542548280114,-0.13947052492839243,0.3991882803896134,0.12985887773061047,0.07697123660026935
cluster_7_one_at_a_time,ok,OLSE,=~,olse_q1_mean_z,,0.8634549405266274,0.024506702575577438,35.23341983132067,0,0.8154226860986606,0.9114871949545942,0.8802247737026686,0.8805055964455727
cluster_7_one_at_a_time,ok,OLSE,=~,olse_q2_mean_z,,0.8055103062121461,0.027080908614481956,29.744581973936665,0,0.752432700659141,0.8585879117651513,0.821154751362371,0.8214167302898943
cluster_7_one_at_a_time,ok,OLSE,=~,olse_q3_mean_z,,0.8370205928023072,0.03047960126614686,27.461664786670646,0,0.777281672057518,0.8967595135470965,0.8532770238531792,0.8535492241641776
cluster_7_one_at_a_time,ok,OLSE,=~,olse_q4_mean_z,,0.8131263552413595,0.023840273869416024,34.10725731152338,0,0.7664002770757327,0.8598524334069862,0.8289187176315999,0.829183148542267
cluster_7_one_at_a_time,ok,OLSE,=~,olse_q5_mean_z,,0.8319037833857194,0.024739256955873715,33.62687023581784,0,0.7834157307479249,0.8803918360235138,0.8480608368822079,0.8483314364720885
cluster_7_one_at_a_time,ok,OLSE,~,post_redesign,a_post,0.39091692952199875,0.08328566032306986,4.693688301270705,2.6832277417732087e-6,0.22768003486014532,0.5541538241838522,0.3834692730942002,0.18780066668743248
cluster_7_one_at_a_time,ok,OLSE,~,post_x_cluster_7_z,a_k,0.09036950103340513,0.09226972797304349,0.9794057381398859,0.3273795430054811,-0.09047584265706801,0.27121484472387825,0.0886478027788134,0.05345827308979629
cluster_7_one_at_a_time,ok,final_numeric_grade_z,~,OLSE,b,0.3975831540141459,0.036840671752055486,10.791962662623359,0,0.32537676421385503,0.46978954381443677,0.4053049271530604,0.4054342343352178
cluster_7_one_at_a_time,ok,final_numeric_grade_z,~,post_redesign,c_post,0.17564218584298175,0.058507563014748146,3.002042416272016,0.002681748065953782,0.06096946951086771,0.2903149021750958,0.17564218584298175,0.08604664199438565
cluster_7_one_at_a_time,ok,final_numeric_grade_z,~,post_x_cluster_7_z,c_k,0.19543658289344665,0.09476278844928755,2.0623768685113655,0.03917186980671872,0.009704930458254879,0.3811682353286384,0.19543658289344665,0.11789390254251735
cluster_7_one_at_a_time,ok,olse_q1_mean_z,~~,olse_q1_mean_z,,0.2245665824530949,0.00875592694232513,25.647379647215445,0,0.20740528099487374,0.24172788391131608,0.2245665824530949,0.22470989462802624
cluster_7_one_at_a_time,ok,olse_q2_mean_z,~~,olse_q2_mean_z,,0.32506710510315506,0.012136663038931647,26.78389472134259,0,0.3012796826543506,0.3488545275519595,0.32506710510315506,0.32527455519985893
cluster_7_one_at_a_time,ok,olse_q3_mean_z,~~,olse_q3_mean_z,,0.2712806141487392,0.007378902043070256,36.76436041097833,0,0.2568182318988725,0.28574299639860595,0.2712806141487392,0.27145372192873046
cluster_7_one_at_a_time,ok,olse_q4_mean_z,~~,olse_q4_mean_z,,0.31225605063663925,0.016549187871332516,18.868360977250592,0,0.27982023843544046,0.34469186283783804,0.31225605063663925,0.3124553061735325
cluster_7_one_at_a_time,ok,olse_q5_mean_z,~~,olse_q5_mean_z,,0.28015496145643154,0.013179810803079482,21.25637201036095,0,0.25432300695934384,0.30598691595351923,0.28015496145643154,0.28033377389320274
cluster_7_one_at_a_time,ok,final_numeric_grade_z,~~,final_numeric_grade_z,,0.7964056350643651,0.05646594958160926,14.104175011053941,0,0.6857344075315565,0.9070768625971738,0.7964056350643651,0.7969138815177533
cluster_7_one_at_a_time,ok,OLSE,~~,OLSE,,1,0,,,1,1,0.9622594450090978,0.9622594450090978
cluster_7_one_at_a_time,ok,post_redesign,~~,post_redesign,,0.2398463528607874,0.006259816461918888,38.315237246950325,0,0.22757733804559543,0.25211536767597936,0.2398463528607874,1
cluster_7_one_at_a_time,ok,post_redesign,~~,post_x_cluster_7_z,,-0.005682262927634926,0.056065972465211535,-0.10134958296069371,0.9192729572792595,-0.11556954971766384,0.104205023862394,-0.005682262927634926,-0.019240121769620304
cluster_7_one_at_a_time,ok,post_x_cluster_7_z,~~,post_x_cluster_7_z,,0.36365863073054866,0.08009882655571215,4.540124323514385,5.622106791447479e-6,0.20666781547743243,0.5206494459836649,0.36365863073054866,1
cluster_7_one_at_a_time,ok,olse_q1_mean_z,~1,,,-0.13401906891321527,0.061377983613544546,-2.183503937780724,0.028998719289869523,-0.25431770623945216,-0.013720431586978402,-0.13401906891321527,-0.13406182572222367
cluster_7_one_at_a_time,ok,olse_q2_mean_z,~1,,,-0.12502531670162967,0.06217046325494759,-2.011008285219429,0.04432458159114394,-0.24687718558349775,-0.0031734478197616017,-0.12502531670162967,-0.12506520443086513
cluster_7_one_at_a_time,ok,olse_q3_mean_z,~1,,,-0.1299161448497418,0.058449265855979246,-2.2227164524163414,0.026234925793075403,-0.24447460085026776,-0.015357688849215817,-0.1299161448497418,-0.12995758885215045
cluster_7_one_at_a_time,ok,olse_q4_mean_z,~1,,,-0.1262074696312573,0.056018457004212124,-2.252962262451598,0.024261528495747253,-0.23600162782901857,-0.01641331143349606,-0.1262074696312573,-0.1262477307032029
cluster_7_one_at_a_time,ok,olse_q5_mean_z,~1,,,-0.12912192084480462,0.06134536513558226,-2.10483580233692,0.03530560349242973,-0.2493566271290049,-0.008887214560604345,-0.12912192084480462,-0.12916312111877748
cluster_7_one_at_a_time,ok,final_numeric_grade_z,~1,,,-0.12998388996612978,0.08725638890569942,-1.4896776224215196,0.13630902124148725,-0.30100326964232094,0.04103548971006138,-0.12998388996612978,-0.13002535960888847
cluster_7_one_at_a_time,ok,post_redesign,~1,,,0.399234693877551,0.03106137009844209,12.85309349240763,0,0.3383555271741352,0.4601138605809668,0.399234693877551,0.815195390706539
cluster_7_one_at_a_time,ok,post_x_cluster_7_z,~1,,,-0.009458403719488986,0.09336759729005524,-0.10130285017515835,0.9193100537230481,-0.19245553173103674,0.1735387242920588,-0.009458403719488986,-0.015684507917403993
cluster_7_one_at_a_time,ok,OLSE,~1,,,0,0,,,0,0,0,0
cluster_7_one_at_a_time,ok,ind_post,:=,a_post*b,ind_post,0.15542198579688185,0.03388156827084554,4.587213453475812,4.492013465418054e-6,0.08901533224628957,0.22182863934747413,0.15542198579688182,0.07614081950606263
cluster_7_one_at_a_time,ok,ind_cluster,:=,a_k*b,ind_cluster,0.03592939124754583,0.03797118153930699,0.9462278968157064,0.3440323603157216,-0.03849275701992801,0.11035153951501966,0.03592939124754583,0.021673814019044536
cluster_7_one_at_a_time,ok,total_post,:=,c_post+ind_post,total_post,0.33106417163986357,0.07949680802201751,4.16449641032344,3.120405360634848e-5,0.17525329103081444,0.4868750522489127,0.33106417163986357,0.16218746150044827
cluster_7_one_at_a_time,ok,total_cluster,:=,c_k+ind_cluster,total_cluster,0.23136597414099247,0.11499188711370789,2.012019977654684,0.04421783111497457,0.00598601688382952,0.45674593139815545,0.23136597414099247,0.1395677165615619
cluster_8_one_at_a_time,ok,OLSE,=~,olse_q1_mean_z,,0.8626471408072508,0.026400949617024175,32.67485273525875,0,0.8109022304002269,0.9143920512142747,0.8798493460946848,0.8801300872959792
cluster_8_one_at_a_time,ok,OLSE,=~,olse_q2_mean_z,,0.805113480200101,0.029719745378257924,27.090187683407876,0,0.7468638496290148,0.8633631107711872,0.8211683961801415,0.8214303344575582
cluster_8_one_at_a_time,ok,OLSE,=~,olse_q3_mean_z,,0.8367701952027228,0.033039778219935804,25.326144432102325,0,0.7720134198344577,0.9015269705709879,0.853456383558733,0.8537287219041378
cluster_8_one_at_a_time,ok,OLSE,=~,olse_q4_mean_z,,0.8126642890279399,0.02535115027759881,32.056308298800914,0,0.7629769475171836,0.8623516305386961,0.8288697770755132,0.8291342798928143
cluster_8_one_at_a_time,ok,OLSE,=~,olse_q5_mean_z,,0.8317660573314831,0.026149029678513215,31.808677704586085,0,0.7805149009309282,0.883017213732038,0.8483524572538736,0.8486230793892825
cluster_8_one_at_a_time,ok,OLSE,~,post_redesign,a_post,0.39557852909625746,0.08214101162400148,4.815846813611315,1.46576941517651e-6,0.2345851046595287,0.5565719535329863,0.38784445155784814,0.18994340423972575
cluster_8_one_at_a_time,ok,OLSE,~,post_x_cluster_8_z,a_k,0.09873331257064914,0.08564578021228007,1.1528100079879073,0.24898837567883492,-0.06912933207325296,0.26659595721455126,0.09680294719720495,0.062055525368412516
cluster_8_one_at_a_time,ok,final_numeric_grade_z,~,OLSE,b,0.40555568315754165,0.04040892020558922,10.036291024214169,0,0.32635565490043394,0.48475571141464935,0.41364294362261794,0.41377487668687984
cluster_8_one_at_a_time,ok,final_numeric_grade_z,~,post_redesign,c_post,0.1648931552915849,0.06306381983091737,2.6147029427282673,0.008930508864204434,0.04129033969546407,0.28849597088770573,0.1648931552915849,0.0807807276395014
cluster_8_one_at_a_time,ok,final_numeric_grade_z,~,post_x_cluster_8_z,c_k,-0.04392223711982202,0.11333838643468057,-0.38753187248819165,0.6983624938723509,-0.2660613925976789,0.17821691835803485,-0.04392223711982202,-0.02816532890087471
cluster_8_one_at_a_time,ok,olse_q1_mean_z,~~,olse_q1_mean_z,,0.22522727604475476,0.008779667596959908,25.653280555034122,0,0.20801944375848003,0.2424351083310295,0.22522727604475476,0.22537102943637194
cluster_8_one_at_a_time,ok,olse_q2_mean_z,~~,olse_q2_mean_z,,0.3250448054062518,0.012117062179700452,26.825380656277797,0,0.3012957999356065,0.3487938108768971,0.3250448054062518,0.32525220563294394
cluster_8_one_at_a_time,ok,olse_q3_mean_z,~~,olse_q3_mean_z,,0.27097430573949516,0.007315323944871025,37.042010412878945,0,0.2566365342723045,0.28531207720668583,0.27097430573949516,0.2711472693959271
cluster_8_one_at_a_time,ok,olse_q4_mean_z,~~,olse_q4_mean_z,,0.31233697275269195,0.016562407709496636,18.858186456405285,0,0.27987525014481,0.3447986953605739,0.31233697275269195,0.3125363459066243
cluster_8_one_at_a_time,ok,olse_q5_mean_z,~~,olse_q5_mean_z,,0.2796604188379693,0.013189480338177552,21.203293205455527,0,0.25380951240034216,0.3055113252755965,0.2796604188379693,0.2798388691278514
cluster_8_one_at_a_time,ok,final_numeric_grade_z,~~,final_numeric_grade_z,,0.80945609814723,0.05648439019302551,14.330615863622773,0,0.6987487276801926,0.9201634686142673,0.80945609814723,0.8099725389870913
cluster_8_one_at_a_time,ok,OLSE,~~,OLSE,,1,0,,,1,1,0.9612796382499563,0.9612796382499563
cluster_8_one_at_a_time,ok,post_redesign,~~,post_redesign,,0.23984643570525901,0.006259822675401535,38.31521244966801,0,0.22757740871186485,0.2521154626986532,0.23984643570525901,1
cluster_8_one_at_a_time,ok,post_redesign,~~,post_x_cluster_8_z,,-0.016101209828955843,0.06221956613206898,-0.2587804902846633,0.7958046117439226,-0.13804931858151911,0.10584689892360744,-0.016101209828955843,-0.05128613819322195
cluster_8_one_at_a_time,ok,post_x_cluster_8_z,~~,post_x_cluster_8_z,,0.4109450504181859,0.09586529037073226,4.286692804340034,1.8135280555942046e-5,0.2230525339240763,0.5988375669122955,0.4109450504181859,1
cluster_8_one_at_a_time,ok,olse_q1_mean_z,~1,,,-0.13395393096365257,0.06138293442192216,-2.1822666548149345,0.029089858477921338,-0.2542622716960039,-0.013645590231301227,-0.13395393096365257,-0.1339966728122017
cluster_8_one_at_a_time,ok,olse_q2_mean_z,~1,,,-0.1250199921468032,0.062167912257587596,-2.011005156949669,0.04432491201292721,-0.246866861165721,-0.0031731231278853966,-0.1250199921468032,-0.12505987132571209
cluster_8_one_at_a_time,ok,olse_q3_mean_z,~1,,,-0.12993559017966483,0.05844554218763782,-2.2231907741143058,0.026202938680805143,-0.24448674792435124,-0.015384432434978418,-0.12993559017966483,-0.1299770526894315
cluster_8_one_at_a_time,ok,olse_q4_mean_z,~1,,,-0.1261925529345207,0.056025708090404365,-2.2524044271050268,0.02429672621953083,-0.23600092300006753,-0.01638418286897385,-0.1261925529345207,-0.126232822572402
cluster_8_one_at_a_time,ok,olse_q5_mean_z,~1,,,-0.12915865724024245,0.06133975448745217,-2.105627228531922,0.03523674555543055,-0.24938236685617782,-0.008934947624307063,-0.12915865724024245,-0.12919985850197044
cluster_8_one_at_a_time,ok,final_numeric_grade_z,~1,,,-0.12998364658683176,0.0872563909868183,-1.4896747976485551,0.13630976433679876,-0.301003030341941,0.041035737168277436,-0.12998364658683176,-0.1300251053885895
cluster_8_one_at_a_time,ok,post_redesign,~1,,,0.399234693877551,0.031061370098391217,12.853093492428682,0,0.3383555271742349,0.4601138605808671,0.399234693877551,0.8151952499197122
cluster_8_one_at_a_time,ok,post_x_cluster_8_z,~1,,,-0.026801095624972474,0.10377985152854816,-0.25824950826413473,0.7962143513271314,-0.23020586694184086,0.17660367569189594,-0.026801095624972474,-0.041808123115690585
cluster_8_one_at_a_time,ok,OLSE,~1,,,0,0,,,0,0,0,0
cluster_8_one_at_a_time,ok,ind_post,:=,a_post*b,ind_post,0.16042912061008816,0.030533711416292048,5.2541637805775245,1.4869851550081137e-7,0.10058414591981628,0.22027409530036002,0.16042912061008816,0.07859380866677869
cluster_8_one_at_a_time,ok,ind_cluster,:=,a_k*b,ind_cluster,0.04004185602999671,0.03260961358366063,1.2279156858841185,0.2194786204963215,-0.023871812143746222,0.10395552420373963,0.04004185602999671,0.02567701735705443
cluster_8_one_at_a_time,ok,total_post,:=,c_post+ind_post,total_post,0.32532227590167306,0.07540316757518742,4.314437793044724,1.600095804765722e-5,0.17753478313406737,0.4731097686692788,0.32532227590167306,0.1593745363062801
cluster_8_one_at_a_time,ok,total_cluster,:=,c_k+ind_cluster,total_cluster,-0.003880381089825316,0.12990705916119438,-0.0298704405663619,0.9761703803364996,-0.25849353838328026,0.25073277620362966,-0.003880381089825316,-0.0024883115438202805
